{
  "epochs": [
    1,
    2,
    3,
    4,
    5,
    6,
    7,
    8,
    9,
    10,
    11,
    12,
    13,
    14,
    15,
    16,
    17,
    18,
    19,
    20,
    21,
    22,
    23,
    24,
    25,
    26,
    27,
    28,
    29,
    30,
    31,
    32,
    33,
    34,
    35,
    36,
    37,
    38,
    39,
    40,
    41,
    42,
    43,
    44,
    45,
    46,
    47,
    48,
    49,
    50,
    51,
    52,
    53,
    54,
    55,
    56,
    57,
    58,
    59,
    60,
    61,
    62,
    63,
    64,
    65,
    66,
    67,
    68,
    69,
    70,
    71,
    72,
    73,
    74,
    75,
    76,
    77,
    78,
    79,
    80,
    81,
    82,
    83,
    84,
    85,
    86,
    87,
    88,
    89,
    90,
    91,
    92,
    93,
    94,
    95,
    96,
    97,
    98,
    99,
    100,
    101,
    102,
    103,
    104,
    105,
    106,
    107,
    108,
    109,
    110,
    111,
    112,
    113,
    114,
    115,
    116,
    117,
    118,
    119,
    120,
    121,
    122,
    123,
    124,
    125,
    126,
    127,
    128,
    129,
    130,
    131,
    132,
    133,
    134,
    135,
    136,
    137,
    138,
    139,
    140,
    141,
    142,
    143,
    144,
    145,
    146,
    147,
    148,
    149,
    150,
    151,
    152,
    153,
    154,
    155,
    156,
    157,
    158,
    159,
    160,
    161,
    162,
    163,
    164,
    165,
    166,
    167,
    168,
    169,
    170,
    171,
    172,
    173,
    174,
    175,
    176,
    177,
    178,
    179,
    180,
    181,
    182,
    183,
    184,
    185,
    186,
    187,
    188,
    189,
    190,
    191,
    192,
    193,
    194,
    195,
    196,
    197,
    198,
    199,
    200
  ],
  "loss": [
    0.3490267435221389,
    0.33685418873398504,
    0.33900624545628155,
    0.342165202480071,
    0.3191096916635545,
    0.3137347614456554,
    0.32659959877471567,
    0.3133174839813925,
    0.29588631956403205,
    0.30104482635925417,
    0.2861214624606189,
    0.2813310607842635,
    0.2837350984567302,
    0.2576023199901396,
    0.254996287879385,
    0.26222183582969755,
    0.25340278562543866,
    0.2624453711472621,
    0.24607818200849466,
    0.2369729767973389,
    0.2617705336337326,
    0.24095316332007705,
    0.24006037569895702,
    0.22138753567970768,
    0.22651537066853822,
    0.229465390288157,
    0.21331453993797386,
    0.22511969933810116,
    0.21196312307043255,
    0.21172655333027518,
    0.2053662651561084,
    0.22671050905800394,
    0.2049204281001304,
    0.19140798842011789,
    0.20720104025845476,
    0.18381724028828125,
    0.19522281060635788,
    0.170703226864175,
    0.17423994290258274,
    0.18676730159385768,
    0.18951416215175393,
    0.1812268398406236,
    0.17579214187144224,
    0.1714238365485815,
    0.15718567801850547,
    0.16235727024140714,
    0.16258196289795845,
    0.17543908805472275,
    0.16602951255110449,
    0.14273343079780537,
    0.16141932174587142,
    0.15218558178347089,
    0.14716752309595763,
    0.15799542058189042,
    0.16017132033438336,
    0.1571967395780738,
    0.13755353131266482,
    0.14095373050626947,
    0.145496255894375,
    0.15011371484488426,
    0.13377730769875137,
    0.13495867561507702,
    0.12403285820987082,
    0.12144912389515156,
    0.13988479613414576,
    0.14370299087546334,
    0.12783359935829444,
    0.137033562064987,
    0.1290899261684033,
    0.11752789163643071,
    0.1261281611241951,
    0.13645869326929622,
    0.11931262202782814,
    0.13393774307328388,
    0.09074159700363149,
    0.12383259112941666,
    0.1151848011104751,
    0.11005074785557073,
    0.11271013722682005,
    0.09069326625238769,
    0.10717289084670927,
    0.11176513840238504,
    0.12182063447787132,
    0.10072949062908651,
    0.09672012118688852,
    0.09870227393760261,
    0.11181014136211981,
    0.10490097024351201,
    0.09529384214290826,
    0.10472234079760952,
    0.09957850077364463,
    0.10733167773740511,
    0.08968125817162567,
    0.09250041026108749,
    0.09094950423546895,
    0.07934693915778385,
    0.09607238770395665,
    0.09486807899811239,
    0.09147190575969247,
    0.08825471363723233,
    0.07564293210353237,
    0.08480216003587418,
    0.08480904580317854,
    0.07945629096735854,
    0.08512407135923447,
    0.0900499971215824,
    0.10415831191863906,
    0.08634331443973714,
    0.08648796309936259,
    0.0824964883510385,
    0.06339502049449697,
    0.08167241255928366,
    0.08190744752583978,
    0.10531768313951412,
    0.07815404346902989,
    0.08249754910464459,
    0.07855117377209547,
    0.06663928658269538,
    0.0891934013982532,
    0.0847347163136915,
    0.08458680470824638,
    0.06705438089064701,
    0.08965842839955736,
    0.06110445704973598,
    0.08049407052517235,
    0.09604243828295952,
    0.06375455668589561,
    0.06752844483696221,
    0.07372871485773005,
    0.06724731692313818,
    0.056334224537569345,
    0.07209401061497608,
    0.06036142938613556,
    0.0753048705526352,
    0.0609674114795869,
    0.08526177037809629,
    0.06153857114458818,
    0.06576691534583547,
    0.07674672438690419,
    0.05593437562322584,
    0.07015638215872311,
    0.08059912733217453,
    0.05110579573402793,
    0.06868676743556316,
    0.06910579395940641,
    0.07399833490787991,
    0.05349021151272429,
    0.05234110902097499,
    0.07045726581563852,
    0.06790596724269105,
    0.06714529401206265,
    0.06781494894322927,
    0.05726606135021164,
    0.0661103139663233,
    0.06644548545105416,
    0.056103636345644185,
    0.08164258448203733,
    0.06746605153327129,
    0.05056266156432547,
    0.06879419727984816,
    0.05223970077592295,
    0.06962001456712064,
    0.07310247519533966,
    0.053081653858635766,
    0.07069871151281522,
    0.06497365879557891,
    0.06885168891642449,
    0.07938850750996104,
    0.0577603552603511,
    0.05247461934452293,
    0.05091858618545071,
    0.05146130274870385,
    0.05865791151136927,
    0.06265374305799176,
    0.061826123019995745,
    0.06715166304072784,
    0.058834017043438186,
    0.07306698818582852,
    0.05571614114419454,
    0.08539880840008396,
    0.06429147642544152,
    0.049304127625543565,
    0.04701082883729686,
    0.06239161660300002,
    0.05518243008784331,
    0.06441019529462826,
    0.06185860718512695,
    0.056256832985900375,
    0.04837887024684384,
    0.04156275930999104,
    0.05211319074760828,
    0.06501206834676171,
    0.05846133729821447,
    0.04373785976739389,
    0.05780438269225314,
    0.05980550222059946,
    0.04699589006160429,
    0.05725618534693877,
    0.056187778985779833,
    0.04406498868831403
  ],
  "final_loss": 0.04406498868831403,
  "num_demos": 100,
  "num_transitions": 14999,
  "success_rate": 0.96,
  "learning_rate": 0.0005,
  "batch_size": 64,
  "hidden_size": 256,
  "num_layers": 3
}